Time (UTC),Latitude,Longitude,Hm0 (m),Hmax_up (m),Tm01 (s),Pdirnaut (waves coming from deg),Meandir (waves coming from deg),Bat_voltageAvg
2022-07-19 08:39:36,-58.2273140,-1.3431702,0.867,1.316,6.700,329,327,3.54
2022-07-19 09:01:27,-58.2250748,-1.3366625,0.766,1.106,7.000,328,328,3.50
2022-07-19 09:23:17,-58.2228241,-1.3301312,0.973,1.341,8.700,315,310,3.51
2022-07-19 09:45:08,-58.2206535,-1.3232684,0.873,1.817,8.200,290,292,3.53
2022-07-19 10:06:59,-58.2179642,-1.3150280,0.770,1.125,7.800,320,326,3.51
2022-07-19 10:28:50,-58.2162247,-1.3076818,0.842,1.282,8.100,330,333,3.52
2022-07-19 10:50:40,-58.2144432,-1.3001753,0.879,1.268,8.000,319,324,3.51
2022-07-19 11:12:31,-58.2120590,-1.2909710,0.885,1.257,8.100,321,321,3.50
2022-07-19 11:34:22,-58.2100868,-1.2835897,0.783,1.161,7.900,323,329,3.49
2022-07-19 11:56:13,-58.2073021,-1.2742378,0.764,1.297,8.100,302,298,3.50
2022-07-19 12:18:03,-58.2051468,-1.2671630,0.834,1.546,8.000,331,333,3.49
2022-07-19 12:39:54,-58.2033234,-1.2606500,0.839,1.157,7.600,325,332,3.49
2022-07-19 13:01:45,-58.2013130,-1.2517906,0.769,1.228,7.300,338,333,3.48
2022-07-19 13:23:35,-58.1999245,-1.2443460,0.690,1.107,7.200,286,299,3.48
2022-07-19 13:45:26,-58.1986351,-1.2364959,0.796,1.394,7.800,315,322,3.49
2022-07-19 14:07:17,-58.1969872,-1.2271253,0.700,0.992,7.600,330,330,3.50
2022-07-19 14:29:08,-58.1956558,-1.2187858,0.771,1.168,8.100,319,321,3.50
2022-07-19 14:50:58,-58.1942062,-1.2077217,0.663,1.070,7.700,335,330,3.50
2022-07-19 15:12:49,-58.1931953,-1.1978108,0.744,1.022,7.600,297,305,3.51
2022-07-19 15:34:40,-58.1921234,-1.1878216,0.659,1.014,7.900,332,328,3.52
2022-07-19 15:56:30,-58.1905022,-1.1753876,0.746,1.078,8.200,327,328,3.51
2022-07-19 16:18:21,-58.1890259,-1.1652566,0.686,1.143,7.600,318,312,3.52
2022-07-19 16:40:12,-58.1870766,-1.1544049,0.684,1.008,7.900,328,331,3.50
2022-07-19 17:02:03,-58.1844025,-1.1410407,0.587,0.901,8.500,328,326,3.48
2022-07-19 17:23:53,-58.1822853,-1.1303618,0.600,0.990,7.900,303,300,3.50
2022-07-19 17:45:44,-58.1790352,-1.1178215,0.593,0.834,8.100,314,311,3.51
2022-07-19 18:07:35,-58.1766090,-1.1084083,0.730,1.145,8.200,307,315,3.51
2022-07-19 18:29:25,-58.1740036,-1.0996723,0.581,0.946,8.300,308,308,3.51
2022-07-19 18:51:16,-58.1709900,-1.0889440,0.516,0.753,8.300,297,297,3.52
2022-07-19 19:13:07,-58.1687546,-1.0800488,0.621,1.081,8.300,305,309,3.52
2022-07-19 19:34:58,-58.1666870,-1.0708028,0.621,0.946,8.600,298,300,3.50
2022-07-19 19:56:48,-58.1639671,-1.0593882,0.610,1.108,8.400,322,313,3.51
2022-07-19 20:18:39,-58.1618958,-1.0507267,0.601,0.820,8.400,332,332,3.52
2022-07-19 20:40:30,-58.1600647,-1.0421495,0.622,0.999,8.100,322,329,3.51
2022-07-19 21:02:21,-58.1574287,-1.0314653,0.652,1.023,7.900,319,323,3.52
2022-07-19 21:24:11,-58.1555634,-1.0235209,0.668,1.020,8.000,298,297,3.52
2022-07-19 21:46:02,-58.1532364,-1.0142373,0.632,1.128,8.200,299,296,3.52
2022-07-19 22:07:53,-58.1512375,-1.0071235,0.642,0.938,8.000,296,293,3.51
2022-07-19 22:29:43,-58.1492996,-1.0006399,0.536,0.927,8.100,307,303,3.52
2022-07-19 22:51:34,-58.1466560,-0.9935337,0.509,0.752,8.000,299,300,3.52
2022-07-19 23:13:25,-58.1448975,-0.9880522,0.571,0.793,7.900,285,297,3.53
2022-07-19 23:35:16,-58.1432457,-0.9817969,0.621,0.996,7.700,302,307,3.53
2022-07-19 23:57:06,-58.1415176,-0.9741377,0.529,0.986,7.700,315,314,3.53
2022-07-20 00:18:57,-58.1404343,-0.9679064,0.455,0.753,8.200,308,315,3.52
2022-07-20 00:40:48,-58.1391792,-0.9596824,0.452,0.698,8.400,315,323,3.52
2022-07-20 01:02:38,-58.1378670,-0.9525878,0.473,0.649,8.500,323,322,3.53
2022-07-20 01:24:29,-58.1364098,-0.9454751,0.505,0.705,8.400,321,324,3.52
2022-07-20 01:46:20,-58.1344528,-0.9366763,0.483,0.709,8.800,320,327,3.52
2022-07-20 02:08:11,-58.1329422,-0.9300090,0.467,0.870,8.700,325,325,3.52
2022-07-20 02:30:01,-58.1314163,-0.9235697,0.399,0.595,8.700,329,332,3.52
2022-07-20 02:51:52,-58.1296654,-0.9155640,0.428,0.836,9.100,332,339,3.52
2022-07-20 03:13:43,-58.1283913,-0.9079382,0.491,0.732,8.400,329,333,3.52
2022-07-20 03:35:33,-58.1267471,-0.8996154,0.479,0.801,8.500,335,341,3.52
2022-07-20 03:57:24,-58.1241455,-0.8893995,0.436,0.658,8.500,332,335,3.52
2022-07-20 04:19:15,-58.1221581,-0.8808159,0.432,0.573,8.900,327,333,3.52
2022-07-20 04:41:06,-58.1193657,-0.8710609,0.397,0.583,9.000,330,334,3.52
2022-07-20 05:02:56,-58.1168518,-0.8629455,0.484,0.658,8.900,324,329,3.52
2022-07-20 05:24:47,-58.1146049,-0.8554829,0.366,0.633,9.200,315,326,3.52
2022-07-20 05:46:38,-58.1117630,-0.8462124,0.401,0.595,9.100,325,333,3.52
2022-07-20 06:08:29,-58.1095505,-0.8386051,0.400,0.683,8.400,335,335,3.52
2022-07-20 06:30:19,-58.1075897,-0.8314364,0.471,0.686,8.900,330,332,3.52
2022-07-20 06:52:10,-58.1052284,-0.8220100,0.403,0.800,8.600,326,330,3.52
2022-07-20 07:14:01,-58.1032448,-0.8145973,0.455,0.689,8.600,320,327,3.52
2022-07-20 07:37:03,-58.1001930,-0.8055593,0.427,0.708,9.100,324,329,3.54
2022-07-20 07:58:53,-58.0974083,-0.7984980,0.439,0.726,9.300,327,324,3.53
2022-07-20 08:20:44,-58.0944633,-0.7920275,0.372,0.543,9.700,328,319,3.52
2022-07-20 08:42:35,-58.0907593,-0.7844138,0.398,0.491,9.600,329,323,3.52
2022-07-20 09:04:25,-58.0876541,-0.7789572,0.405,0.601,9.400,327,327,3.53
2022-07-20 09:26:16,-58.0838013,-0.7732749,0.386,0.577,9.800,330,334,3.53
2022-07-20 09:48:07,-58.0810242,-0.7693086,0.403,0.560,9.500,326,327,3.53
2022-07-20 10:09:58,-58.0786362,-0.7658282,0.440,0.651,10.000,339,329,3.53
2022-07-20 10:31:48,-58.0760269,-0.7618583,0.414,0.584,9.200,339,332,3.53
2022-07-20 10:53:39,-58.0742836,-0.7585978,0.480,0.691,9.300,332,331,3.53
2022-07-20 11:15:30,-58.0726089,-0.7551288,0.497,0.695,9.200,325,323,3.53
2022-07-20 11:37:20,-58.0704308,-0.7508993,0.490,1.057,9.700,291,320,3.42
2022-07-20 11:59:11,-58.0686150,-0.7475531,0.477,0.888,9.400,324,322,3.53
2022-07-20 12:21:02,-58.0661507,-0.7431001,0.473,0.680,9.200,329,322,3.53
2022-07-20 12:42:53,-58.0641403,-0.7396164,0.438,0.819,8.800,330,326,3.53
2022-07-20 13:04:43,-58.0621643,-0.7360179,0.466,0.619,10.500,295,318,3.54
2022-07-20 13:26:34,-58.0599823,-0.7315865,0.417,0.701,10.200,335,322,3.54
2022-07-20 13:48:25,-58.0582657,-0.7282651,0.446,0.689,10.600,298,319,3.53
2022-07-20 14:10:16,-58.0564919,-0.7248653,0.585,0.825,12.200,292,307,3.53
2022-07-20 14:32:06,-58.0538254,-0.7209714,0.578,0.722,11.200,285,308,3.53
2022-07-20 14:53:57,-58.0516434,-0.7191221,0.541,1.003,11.000,290,308,3.53
2022-07-20 15:15:48,-58.0496521,-0.7178829,0.542,0.695,12.000,295,312,3.53
2022-07-20 15:37:38,-58.0470924,-0.7159327,0.432,0.585,10.600,286,315,3.53
2022-07-20 15:59:29,-58.0451012,-0.7144127,0.554,0.851,10.600,323,315,3.53
2022-07-20 16:21:20,-58.0427322,-0.7122823,0.630,0.885,12.200,287,299,3.53
2022-07-20 16:43:11,-58.0408707,-0.7107437,0.695,0.994,12.400,287,296,3.52
2022-07-20 17:05:01,-58.0391426,-0.7096891,0.597,0.870,11.100,279,300,3.52
2022-07-20 17:26:52,-58.0372925,-0.7090084,0.605,1.164,12.000,277,294,3.52
2022-07-20 17:48:43,-58.0360146,-0.7081712,0.663,1.056,12.400,282,297,3.53
2022-07-20 18:10:33,-58.0348930,-0.7068324,0.751,0.943,12.600,280,292,3.53
2022-07-20 18:32:24,-58.0335884,-0.7047991,0.891,1.344,13.300,281,290,3.53
2022-07-20 18:54:15,-58.0325966,-0.7032977,0.765,0.983,12.500,274,286,3.52
2022-07-20 19:16:06,-58.0311089,-0.7015188,0.945,1.202,14.800,278,284,3.53
2022-07-20 19:37:56,-58.0301437,-0.7005457,0.979,1.434,13.300,278,284,3.52
2022-07-20 19:59:47,-58.0294075,-0.6995952,1.078,1.407,14.000,276,280,3.52
2022-07-20 20:21:38,-58.0284538,-0.6987949,0.825,1.158,12.500,263,274,3.52
2022-07-20 20:43:28,-58.0278702,-0.6984716,1.028,1.677,13.200,272,281,3.52
2022-07-20 21:05:19,-58.0272560,-0.6975124,0.910,1.390,13.500,273,279,3.53
2022-07-20 21:27:10,-58.0264130,-0.6957550,1.166,1.641,14.400,268,273,3.53
2022-07-20 21:49:01,-58.0256462,-0.6947768,1.281,1.546,14.500,272,274,3.52
2022-07-20 22:10:51,-58.0246964,-0.6946209,1.121,1.464,13.900,275,278,3.52
2022-07-20 22:32:42,-58.0238419,-0.6945616,1.260,1.855,14.000,276,280,3.52
2022-07-20 22:54:33,-58.0233612,-0.6942014,1.193,1.895,13.600,276,281,3.53
2022-07-20 23:16:24,-58.0228081,-0.6935149,1.324,1.959,14.200,272,277,3.52
2022-07-20 23:38:14,-58.0222321,-0.6933690,1.446,1.677,15.000,271,270,3.52
2022-07-21 00:00:05,-58.0211906,-0.6933545,1.267,2.031,14.100,264,268,3.53
2022-07-21 00:21:56,-58.0198326,-0.6933816,1.202,1.646,14.200,263,271,3.52
2022-07-21 00:43:46,-58.0189133,-0.6931414,1.580,2.185,14.700,268,270,3.52
2022-07-21 01:05:37,-58.0178642,-0.6931942,1.463,1.779,14.300,264,267,3.53
2022-07-21 01:27:28,-58.0169983,-0.6935743,1.004,1.935,13.800,269,271,3.52
2022-07-21 01:49:19,-58.0163651,-0.6941606,1.605,2.016,14.500,262,264,3.49
2022-07-21 02:11:09,-58.0155907,-0.6949309,1.306,2.162,14.000,262,265,3.52
2022-07-21 02:33:00,-58.0147133,-0.6955340,1.151,1.967,13.200,274,273,3.51
2022-07-21 02:54:51,-58.0140419,-0.6963421,1.580,2.204,14.500,265,269,3.53
2022-07-21 03:16:41,-58.0134850,-0.6973024,1.373,2.371,14.300,270,273,3.41
2022-07-21 03:38:32,-58.0129929,-0.6977613,1.290,2.011,13.900,287,289,3.49
2022-07-21 04:00:23,-58.0124092,-0.6981691,1.643,2.489,14.300,282,285,3.52
2022-07-21 04:22:14,-58.0112762,-0.6999497,1.449,2.578,14.300,294,294,3.52
2022-07-21 04:44:04,-58.0103378,-0.7012710,1.533,1.947,13.600,299,303,3.52
2022-07-21 05:05:55,-58.0093384,-0.7021115,1.615,2.061,13.800,297,302,3.53
2022-07-21 05:27:46,-58.0084305,-0.7024344,1.372,1.904,13.100,297,303,3.53
2022-07-21 05:49:36,-58.0075340,-0.7028870,1.591,2.424,13.100,300,307,3.53
2022-07-21 06:11:27,-58.0067024,-0.7037193,1.535,2.484,13.500,298,304,3.52
2022-07-21 06:33:18,-58.0063477,-0.7053695,1.421,2.245,13.500,299,307,3.53
2022-07-21 06:55:09,-58.0062637,-0.7071988,1.517,2.253,13.300,306,309,3.53
2022-07-21 07:16:59,-58.0066299,-0.7090568,1.482,2.711,13.400,309,312,3.53
2022-07-21 07:38:50,-58.0071030,-0.7102945,1.511,2.244,12.800,302,314,3.52
2022-07-21 08:00:41,-58.0075836,-0.7114253,1.671,2.501,13.500,303,316,3.53
2022-07-21 08:22:32,-58.0081863,-0.7129411,2.278,2.981,13.800,304,311,3.53
2022-07-21 08:44:22,-58.0091438,-0.7149082,1.762,2.196,13.700,305,312,3.53
2022-07-21 09:06:13,-58.0112648,-0.7178389,1.707,2.415,13.300,306,315,3.54
2022-07-21 09:28:04,-58.0133438,-0.7191023,1.591,2.372,12.900,302,312,3.54
2022-07-21 09:49:54,-58.0156097,-0.7193043,1.860,2.310,12.800,317,310,3.54
2022-07-21 10:11:45,-58.0183868,-0.7198193,1.803,2.585,13.500,300,305,3.54
2022-07-21 10:33:36,-58.0207214,-0.7207345,1.354,2.200,12.900,320,317,3.54
2022-07-21 10:55:27,-58.0233345,-0.7212727,1.647,3.390,12.800,308,321,3.54
2022-07-21 11:17:17,-58.0267715,-0.7211678,1.721,2.816,13.300,303,315,3.53
2022-07-21 11:39:08,-58.0295372,-0.7209101,1.477,2.371,12.300,333,322,3.54
2022-07-21 12:00:59,-58.0331955,-0.7195767,1.802,3.237,13.400,298,313,3.54
2022-07-21 12:22:49,-58.0360336,-0.7180683,1.622,2.686,12.500,318,309,3.54
2022-07-21 12:44:40,-58.0387917,-0.7162430,1.845,2.732,13.200,293,301,3.54
2022-07-21 13:06:31,-58.0421562,-0.7141845,1.545,2.324,13.000,281,295,3.54
2022-07-21 13:28:22,-58.0449715,-0.7118518,1.600,2.209,12.300,337,305,3.54
2022-07-21 13:50:12,-58.0478401,-0.7082780,1.930,2.744,13.500,284,296,3.53
2022-07-21 14:12:03,-58.0511627,-0.7020776,1.577,2.518,12.300,320,308,3.54
2022-07-21 14:33:54,-58.0537033,-0.6967699,1.636,2.761,12.700,297,313,3.54
2022-07-21 14:55:44,-58.0563202,-0.6909541,1.950,2.989,12.500,289,307,3.54
2022-07-21 15:17:35,-58.0581703,-0.6868101,1.915,2.662,12.900,285,302,3.53
2022-07-21 15:39:26,-58.0598412,-0.6832410,2.079,2.858,12.100,311,305,3.54
2022-07-21 16:01:17,-58.0621376,-0.6790118,1.537,2.686,12.700,285,299,3.53
2022-07-21 16:23:07,-58.0637970,-0.6753128,1.870,3.238,11.800,318,315,3.53
2022-07-21 16:44:58,-58.0655937,-0.6717848,1.898,2.821,12.200,284,302,3.52
2022-07-21 17:06:49,-58.0677567,-0.6682462,1.797,2.443,11.900,308,298,3.52
2022-07-21 17:28:40,-58.0691452,-0.6655026,1.907,2.807,12.300,319,301,3.52
2022-07-21 17:50:30,-58.0702782,-0.6627489,2.079,2.940,12.100,302,294,3.52
2022-07-21 18:12:21,-58.0716591,-0.6600864,2.384,3.384,12.500,269,290,3.51
2022-07-21 18:34:12,-58.0731506,-0.6591067,2.040,2.996,11.800,308,296,3.52
2022-07-21 18:56:02,-58.0750580,-0.6583299,1.649,2.856,11.900,283,303,3.53
2022-07-21 19:17:53,-58.0767670,-0.6584157,2.065,3.219,11.300,315,306,3.52
2022-07-21 19:39:44,-58.0786896,-0.6584869,2.470,3.159,11.800,309,302,3.52
2022-07-21 20:01:35,-58.0813065,-0.6582281,2.290,2.901,11.700,309,297,3.52
2022-07-21 20:23:25,-58.0833206,-0.6576461,2.314,3.090,12.100,269,292,3.52
2022-07-21 20:45:16,-58.0855179,-0.6574301,2.268,4.293,12.000,270,291,3.51
2022-07-21 21:07:07,-58.0888367,-0.6571721,2.358,3.535,11.900,277,297,3.52
2022-07-21 21:28:57,-58.0919418,-0.6567447,2.290,3.450,11.700,310,323,3.50
2022-07-21 21:50:48,-58.0962563,-0.6555036,2.176,2.760,11.700,314,294,3.51
2022-07-21 22:12:39,-58.1000519,-0.6540000,2.210,3.183,11.700,296,319,3.52
2022-07-21 22:34:30,-58.1040077,-0.6527324,2.428,3.295,12.000,298,314,3.51
2022-07-21 22:56:20,-58.1089859,-0.6502661,2.141,2.823,11.600,290,305,3.51
2022-07-21 23:18:11,-58.1131897,-0.6477904,2.216,3.597,11.100,300,300,3.50
2022-07-21 23:40:02,-58.1175728,-0.6452320,1.991,2.972,10.600,315,298,3.51
2022-07-22 00:07:03,-58.1244049,-0.6413119,2.124,3.093,10.500,313,302,3.52
2022-07-22 00:28:53,-58.1288948,-0.6384862,2.141,3.093,11.100,278,293,3.50
2022-07-22 00:50:44,-58.1342659,-0.6343460,2.648,3.596,11.100,297,292,3.50
2022-07-22 01:12:35,-58.1382523,-0.6307801,2.272,3.292,10.400,281,292,3.51
2022-07-22 01:34:25,-58.1420212,-0.6267699,2.107,3.413,10.500,339,327,3.49
2022-07-22 01:56:16,-58.1465073,-0.6218559,2.101,3.108,10.900,270,287,3.51
2022-07-22 02:18:07,-58.1502647,-0.6183017,2.304,3.918,11.000,356,334,3.51
2022-07-22 02:39:58,-58.1542778,-0.6148668,2.351,3.522,10.600,299,318,3.50
2022-07-22 03:01:48,-58.1593933,-0.6101499,2.455,3.743,10.800,338,316,3.50
2022-07-22 03:23:39,-58.1634254,-0.6060422,1.856,2.738,10.000,312,314,3.51
2022-07-22 03:45:30,-58.1673355,-0.6017399,1.981,2.954,10.300,297,318,3.50
2022-07-22 04:12:03,-58.1725616,-0.5952292,2.427,3.408,10.600,309,329,3.53
2022-07-22 04:33:53,-58.1753273,-0.5907819,1.996,3.072,9.700,319,324,3.50
2022-07-22 04:55:44,-58.1784439,-0.5855289,2.244,3.431,10.500,297,318,3.51
2022-07-22 05:17:35,-58.1806641,-0.5811013,1.965,3.183,9.800,282,308,3.50
2022-07-22 05:39:25,-58.1827469,-0.5760000,2.000,3.833,9.300,305,305,3.49
2022-07-22 06:01:16,-58.1850510,-0.5709567,2.072,3.083,9.800,314,302,3.49
2022-07-22 06:23:07,-58.1871567,-0.5681606,2.178,3.020,10.300,292,316,3.48
2022-07-22 06:44:58,-58.1895599,-0.5650952,2.209,2.938,10.200,270,293,3.50
2022-07-22 07:06:48,-58.1925316,-0.5613239,2.058,2.890,9.600,284,306,3.50
2022-07-22 07:32:03,-58.1955833,-0.5581095,2.378,3.043,9.600,316,312,3.50
2022-07-22 07:53:53,-58.1978951,-0.5568706,2.253,2.898,9.500,336,329,3.50
2022-07-22 08:17:03,-58.2014160,-0.5569527,2.146,4.117,9.300,304,323,3.48
2022-07-22 08:38:53,-58.2045937,-0.5576579,2.137,3.467,9.100,300,324,3.49
2022-07-22 09:00:44,-58.2088966,-0.5589181,2.324,3.407,9.200,287,308,3.51
2022-07-22 09:22:35,-58.2122955,-0.5597687,2.195,3.754,9.000,310,331,3.50
2022-07-22 09:44:25,-58.2156487,-0.5608700,2.506,4.011,8.600,300,320,3.49
2022-07-22 10:06:16,-58.2200584,-0.5623520,2.450,3.497,8.500,296,319,3.48
2022-07-22 10:28:07,-58.2239685,-0.5634543,2.515,3.830,8.500,298,324,3.47
2022-07-22 10:49:58,-58.2282944,-0.5648568,2.540,3.619,8.200,292,325,3.48
2022-07-22 11:11:48,-58.2345276,-0.5664830,2.604,3.765,8.300,292,324,3.50
2022-07-22 11:33:39,-58.2399864,-0.5678401,2.459,4.159,8.000,288,327,3.48
2022-07-22 11:55:30,-58.2452354,-0.5695438,2.546,3.557,8.200,282,327,3.48
2022-07-22 12:17:20,-58.2523842,-0.5716807,2.704,4.423,7.900,336,340,3.49
2022-07-22 12:39:11,-58.2583809,-0.5738175,2.687,4.490,7.800,304,332,3.46
2022-07-22 13:01:02,-58.2659836,-0.5769041,2.799,4.000,8.000,7,347,3.45
2022-07-22 13:22:53,-58.2714577,-0.5794162,3.233,4.852,7.800,3,347,3.46
2022-07-22 13:44:43,-58.2772751,-0.5814074,3.103,4.294,8.200,308,341,3.48
2022-07-22 14:06:34,-58.2851524,-0.5839811,2.796,4.367,7.400,348,328,3.47
2022-07-22 14:28:25,-58.2912750,-0.5856927,3.450,4.963,7.600,344,335,3.47
2022-07-22 14:50:16,-58.2978363,-0.5870699,3.268,5.249,7.800,2,343,3.47
2022-07-22 15:12:06,-58.3070145,-0.5877859,3.561,5.706,8.200,301,341,3.47
2022-07-22 15:33:57,-58.3143921,-0.5874954,3.686,5.426,7.600,345,351,3.44
2022-07-22 15:55:48,-58.3213768,-0.5862069,4.080,5.900,7.800,354,353,3.45
2022-07-22 16:17:38,-58.3296700,-0.5833491,4.055,6.239,8.000,346,345,3.46
2022-07-22 16:39:29,-58.3364983,-0.5796843,3.331,5.525,7.800,351,349,3.46
2022-07-22 17:01:20,-58.3451767,-0.5742884,3.401,5.695,8.200,343,333,3.47
2022-07-22 17:23:11,-58.3515129,-0.5699146,3.848,5.834,8.200,353,337,3.47
2022-07-22 17:45:01,-58.3573761,-0.5645654,4.199,5.569,8.400,353,346,3.46
2022-07-22 18:06:52,-58.3637123,-0.5574700,4.059,5.988,8.400,339,346,3.48
2022-07-22 18:32:03,-58.3689461,-0.5495190,3.794,5.554,8.400,355,342,3.39
2022-07-22 18:57:03,-58.3733330,-0.5409735,3.762,5.456,8.700,349,341,3.39
2022-07-22 19:18:53,-58.3762932,-0.5332032,3.561,6.160,8.500,8,354,3.45
2022-07-22 19:40:44,-58.3795128,-0.5239113,3.991,5.135,8.400,2,358,3.48
2022-07-22 20:02:35,-58.3819771,-0.5163615,3.646,5.077,8.400,330,324,3.46
2022-07-22 20:24:25,-58.3843842,-0.5086275,3.346,4.722,8.400,336,325,3.48
2022-07-22 20:46:16,-58.3868752,-0.4984316,3.804,6.085,8.400,338,329,3.46
2022-07-22 21:08:07,-58.3878021,-0.4909370,3.379,6.194,8.000,321,335,3.47
2022-07-22 21:29:58,-58.3884087,-0.4838454,3.736,5.082,8.700,345,336,3.46
2022-07-22 21:51:48,-58.3884811,-0.4765168,3.719,5.426,8.500,336,337,3.46
2022-07-22 22:13:39,-58.3882675,-0.4718702,3.258,5.661,8.400,323,318,3.49
2022-07-22 22:35:30,-58.3879242,-0.4680961,3.445,4.997,8.400,335,319,3.48
2022-07-22 22:57:20,-58.3878517,-0.4648634,3.473,4.766,8.300,313,319,3.47
2022-07-22 23:19:11,-58.3877296,-0.4632803,3.141,4.345,8.100,345,328,3.46
2022-07-22 23:41:02,-58.3874931,-0.4614743,3.586,5.201,8.300,328,333,3.45
2022-07-23 00:02:53,-58.3872757,-0.4600739,2.977,4.989,8.000,337,325,3.47
2022-07-23 00:24:43,-58.3875122,-0.4591290,3.177,4.496,8.400,342,326,3.45
2022-07-23 00:46:34,-58.3883705,-0.4578781,3.302,5.071,8.300,345,335,3.45
2022-07-23 01:08:25,-58.3893623,-0.4571063,3.355,5.386,8.600,319,322,3.44
2022-07-23 01:32:03,-58.3912506,-0.4559510,3.432,6.629,8.600,299,312,3.35
2022-07-23 01:53:53,-58.3930359,-0.4543776,3.041,4.714,8.200,309,308,3.40
2022-07-23 02:15:44,-58.3958664,-0.4521757,3.314,4.675,8.400,335,336,3.42
2022-07-23 02:37:35,-58.3986359,-0.4496533,3.161,5.080,8.200,327,338,3.43
2022-07-23 02:59:25,-58.4019661,-0.4468639,3.611,4.678,8.500,330,320,3.43
2022-07-23 03:21:16,-58.4068298,-0.4433077,3.236,4.340,8.600,337,346,3.43
2022-07-23 03:43:07,-58.4110527,-0.4397420,3.273,4.818,8.400,304,309,3.43
2022-07-23 04:04:58,-58.4157257,-0.4347563,3.548,6.424,8.900,317,326,3.42
2022-07-23 04:26:48,-58.4218102,-0.4268229,3.014,4.514,8.300,336,330,3.42
2022-07-23 04:48:39,-58.4271088,-0.4190100,3.368,5.464,8.500,341,324,3.42
2022-07-23 05:10:30,-58.4331856,-0.4083066,3.677,5.702,9.300,305,314,3.42
2022-07-23 05:32:20,-58.4373550,-0.3991548,3.438,5.734,8.300,297,314,3.40
2022-07-23 05:54:11,-58.4409866,-0.3898948,3.289,5.363,8.400,301,318,3.38
2022-07-23 06:16:02,-58.4454994,-0.3774480,3.167,6.258,8.400,310,311,3.41
2022-07-23 06:37:53,-58.4490700,-0.3671745,3.623,4.792,8.700,303,308,3.42
2022-07-23 06:59:43,-58.4523697,-0.3562293,3.629,6.079,8.400,328,328,3.41
2022-07-23 07:21:34,-58.4561043,-0.3415709,3.776,5.533,8.500,308,300,3.39
2022-07-23 07:43:25,-58.4587326,-0.3295703,3.555,4.849,8.800,299,317,3.41
2022-07-23 08:05:16,-58.4611588,-0.3168497,4.108,5.327,8.900,342,328,3.38
2022-07-23 08:27:06,-58.4634361,-0.3017605,3.459,4.797,8.400,283,309,3.40
2022-07-23 08:48:57,-58.4651642,-0.2895537,3.877,6.862,8.900,279,297,3.37
2022-07-23 09:10:48,-58.4664192,-0.2773323,4.575,5.984,9.000,300,301,3.36
2022-07-23 09:32:38,-58.4673996,-0.2623061,3.809,5.645,8.700,298,311,3.38
2022-07-23 09:54:29,-58.4679375,-0.2499435,4.496,6.936,8.900,275,300,3.37
2022-07-23 10:16:20,-58.4677696,-0.2350866,4.188,7.004,8.800,277,292,3.38
2022-07-23 10:38:11,-58.4672012,-0.2237938,4.303,7.298,8.400,301,296,3.40
2022-07-23 11:00:01,-58.4665604,-0.2101809,3.986,7.617,8.500,312,314,3.41
2022-07-23 11:21:52,-58.4660339,-0.1988740,4.535,7.284,9.400,302,294,3.41
2022-07-23 11:43:43,-58.4653511,-0.1882421,4.155,6.433,9.000,295,295,3.43
2022-07-23 12:05:33,-58.4645233,-0.1785143,4.322,5.944,9.100,272,298,3.44
2022-07-23 12:27:24,-58.4632950,-0.1670583,4.297,6.530,8.900,290,305,3.45
2022-07-23 12:49:15,-58.4623680,-0.1583612,3.778,7.871,8.000,327,309,3.49
2022-07-23 13:11:06,-58.4611282,-0.1486725,4.847,6.997,9.500,269,286,3.48
2022-07-23 13:32:56,-58.4602242,-0.1421828,4.738,6.595,9.100,291,292,3.51
2022-07-23 13:54:47,-58.4592781,-0.1365540,4.509,6.665,9.300,308,307,3.49
2022-07-23 14:16:38,-58.4586563,-0.1291551,5.114,9.375,9.400,301,315,3.47
2022-07-23 14:38:28,-58.4582062,-0.1245814,4.365,7.088,9.000,317,309,3.50
2022-07-23 15:00:19,-58.4581184,-0.1194347,5.061,6.535,9.200,295,300,3.50
2022-07-23 15:22:10,-58.4585838,-0.1157033,5.374,7.692,9.900,294,306,3.50
2022-07-23 15:44:01,-58.4590988,-0.1123338,4.723,7.009,9.200,278,299,3.50
2022-07-23 16:05:51,-58.4599533,-0.1091996,4.639,7.841,9.800,285,301,3.51
2022-07-23 16:27:42,-58.4617157,-0.1056588,4.059,6.034,8.800,311,320,3.51
2022-07-23 16:49:33,-58.4637756,-0.1028947,4.600,8.483,9.000,320,318,3.51
2022-07-23 17:11:24,-58.4668732,-0.0999788,4.816,6.273,9.800,304,312,3.51
2022-07-23 17:33:14,-58.4696083,-0.0975926,4.902,6.899,9.600,298,314,3.51
2022-07-23 17:55:05,-58.4723015,-0.0954782,4.599,7.522,9.500,306,310,3.52
2022-07-23 18:16:56,-58.4761543,-0.0924838,4.354,6.065,8.900,306,312,3.51
2022-07-23 18:38:46,-58.4795074,-0.0901889,5.458,8.846,10.000,307,316,3.51
2022-07-23 19:00:37,-58.4832001,-0.0883212,5.136,8.905,9.200,318,324,3.51
2022-07-23 19:22:28,-58.4881401,-0.0862468,5.280,8.107,9.400,283,301,3.51
2022-07-23 19:44:19,-58.4928513,-0.0842867,4.903,8.700,9.300,301,326,3.51
2022-07-23 20:06:09,-58.4984207,-0.0805943,4.939,8.255,8.800,316,328,3.50
2022-07-23 20:28:00,-58.5034256,-0.0778203,5.071,8.379,9.100,306,316,3.51
2022-07-23 20:49:51,-58.5080070,-0.0745433,4.426,6.644,8.400,298,325,3.51
2022-07-23 21:11:41,-58.5133171,-0.0703989,5.573,7.549,9.800,303,315,3.51
2022-07-23 21:33:32,-58.5172157,-0.0680052,4.972,8.753,8.900,300,311,3.51
2022-07-23 21:55:23,-58.5208435,-0.0645451,4.782,6.889,9.000,275,302,3.51
2022-07-23 22:17:14,-58.5253372,-0.0591565,4.936,8.235,9.000,297,318,3.51
2022-07-23 22:39:04,-58.5284271,-0.0527281,4.853,7.296,8.700,326,328,3.51
2022-07-23 23:00:55,-58.5314064,-0.0431121,4.873,7.381,8.800,310,327,3.51
2022-07-23 23:22:46,-58.5333138,-0.0355812,4.892,7.700,9.000,296,319,3.51
2022-07-23 23:44:36,-58.5342445,-0.0257869,5.285,8.806,9.500,294,316,3.51
2022-07-24 00:06:27,-58.5352821,-0.0117435,5.123,8.214,9.200,337,330,3.50
2022-07-24 00:28:18,-58.5345459,0.0027461,5.227,7.170,9.400,302,318,3.51
2022-07-24 00:50:09,-58.5327759,0.0176733,4.794,7.007,8.800,325,321,3.52
2022-07-24 01:11:59,-58.5299759,0.0374904,5.533,10.512,9.300,308,320,3.50
2022-07-24 01:33:50,-58.5275154,0.0524809,5.081,7.320,9.000,304,317,3.51
2022-07-24 01:55:41,-58.5252686,0.0639225,5.289,6.577,9.200,298,310,3.52
2022-07-24 02:17:32,-58.5226440,0.0759824,5.515,8.289,9.500,298,311,3.51
2022-07-24 02:39:22,-58.5205841,0.0853389,5.181,7.274,8.700,317,317,3.52
2022-07-24 03:01:13,-58.5183105,0.0965374,4.785,7.189,8.900,316,319,3.52
2022-07-24 03:23:04,-58.5167313,0.1040464,5.000,7.873,8.900,301,320,3.51
2022-07-24 03:44:54,-58.5156746,0.1115498,5.262,9.294,9.200,327,320,3.51
2022-07-24 04:06:45,-58.5147591,0.1209146,5.343,7.540,9.300,315,318,3.51
2022-07-24 04:28:36,-58.5140800,0.1279806,4.906,7.626,8.800,336,322,3.50
2022-07-24 04:50:27,-58.5136642,0.1349325,5.268,8.620,9.000,313,327,3.50
2022-07-24 05:12:17,-58.5131264,0.1429690,5.355,8.937,9.000,308,326,3.50
2022-07-24 05:34:08,-58.5131454,0.1480464,5.768,7.669,9.500,317,327,3.51
2022-07-24 05:55:59,-58.5136642,0.1541361,4.891,9.641,9.100,325,324,3.50
2022-07-24 06:17:49,-58.5149574,0.1605835,5.122,10.321,9.300,306,315,3.50
2022-07-24 06:39:40,-58.5161285,0.1667319,4.674,7.309,9.200,305,324,3.51
2022-07-24 07:01:31,-58.5179024,0.1750961,4.723,10.217,9.100,311,329,3.51
2022-07-24 07:23:22,-58.5194244,0.1811690,4.585,8.679,8.800,320,326,3.51
2022-07-24 07:45:12,-58.5214844,0.1873311,4.902,7.783,8.900,333,328,3.52
2022-07-24 08:07:03,-58.5250549,0.1965390,5.262,9.528,9.400,328,322,3.51
2022-07-24 08:28:54,-58.5276108,0.2047696,4.462,6.828,8.600,321,329,3.52
2022-07-24 08:50:44,-58.5305023,0.2136561,4.931,7.791,9.100,325,325,3.50
2022-07-24 09:12:35,-58.5340919,0.2253224,4.883,7.220,8.600,330,331,3.50
2022-07-24 09:34:26,-58.5370636,0.2354515,5.092,7.025,9.300,307,317,3.51
2022-07-24 09:56:17,-58.5404015,0.2477858,5.518,8.185,9.300,320,327,3.51
2022-07-24 10:18:07,-58.5424118,0.2576335,5.572,10.222,8.900,303,321,3.51
2022-07-24 10:39:58,-58.5444298,0.2669680,5.182,8.177,8.900,337,325,3.52
2022-07-24 11:01:49,-58.5475502,0.2790915,5.571,9.052,9.200,307,317,3.52
2022-07-24 11:23:40,-58.5500336,0.2884589,5.815,8.614,9.400,313,326,3.52
2022-07-24 11:45:30,-58.5526924,0.2985050,5.419,7.672,9.100,308,322,3.52
2022-07-24 12:07:21,-58.5551796,0.3107754,6.199,9.839,9.700,313,329,3.51
2022-07-24 12:29:12,-58.5566139,0.3211770,6.148,8.075,9.100,325,324,3.50
2022-07-24 12:51:02,-58.5591240,0.3346908,6.000,7.709,9.300,311,326,3.52
2022-07-24 13:12:53,-58.5609016,0.3448309,5.636,8.355,9.300,329,325,3.51
2022-07-24 13:34:44,-58.5628281,0.3542636,5.201,8.308,8.900,330,322,3.52
2022-07-24 13:56:35,-58.5656052,0.3657879,5.779,8.890,9.400,318,325,3.52
2022-07-24 14:18:25,-58.5675087,0.3750836,5.280,7.661,8.900,310,329,3.51
2022-07-24 14:40:16,-58.5690002,0.3847013,5.638,7.359,9.100,321,323,3.51
2022-07-24 15:02:07,-58.5710335,0.3966622,5.626,8.790,9.600,319,327,3.51
2022-07-24 15:23:57,-58.5722351,0.4061147,5.204,7.770,9.300,325,318,3.51
2022-07-24 15:45:48,-58.5738258,0.4177375,5.662,8.088,9.400,319,322,3.50
2022-07-24 16:07:39,-58.5749168,0.4258372,5.266,8.906,9.100,322,328,3.48
2022-07-24 16:29:30,-58.5763397,0.4338364,5.266,7.513,9.400,315,321,3.50
2022-07-24 16:51:20,-58.5780754,0.4445314,5.346,7.323,9.500,315,326,3.49
2022-07-24 17:13:11,-58.5790291,0.4532451,5.013,7.793,9.200,314,324,3.50
2022-07-24 17:35:02,-58.5795784,0.4615867,5.665,8.054,9.800,308,319,3.50
2022-07-24 17:56:52,-58.5798225,0.4738643,4.978,8.815,9.900,304,306,3.50
